{"version": "1", "message": "ERROR: Hidden Testcases server unreachable.", "problem_id": "ads2_m2_a1_1", "user_id": "saigowtham96", "score": {"sample": {"0": {"execution_time": 0.16273140907287598, "passed": true}, "1": {"execution_time": 0.17195820808410645, "passed": true}, "2": {"execution_time": 0.1497962474822998, "passed": true}, "3": {"execution_time": 0.1838994026184082, "passed": true}, "4": {"execution_time": 0.18957996368408203, "passed": true}, "5": {"execution_time": 0.16211676597595215, "passed": true}, "6": {"execution_time": 0.16792058944702148, "passed": true}, "7": {"execution_time": 0.15663862228393555, "passed": true}, "8": {"execution_time": 0.19309258460998535, "passed": true}, "9": {"execution_time": 0.14960837364196777, "passed": true}, "10": {"execution_time": 0.15241312980651855, "passed": true}, "11": {"execution_time": 0.14774155616760254, "passed": true}, "12": {"execution_time": 0.16228079795837402, "passed": true}, "13": {"execution_time": 0.14937138557434082, "passed": true}, "14": {"execution_time": 0.17934918403625488, "passed": true}, "15": {"execution_time": 0.21713757514953613, "passed": true}, "16": {"execution_time": 0.16481804847717285, "passed": true}, "17": {"execution_time": 0.20695829391479492, "passed": true}, "18": {"execution_time": 0.21737217903137207, "passed": true}, "19": {"execution_time": 0.2196638584136963, "passed": true}, "20": {"execution_time": 0.19737648963928223, "passed": true}, "21": {"execution_time": 0.1543900966644287, "passed": true}, "22": {"execution_time": 0.3207075595855713, "passed": true}, "23": {"execution_time": 0.20468592643737793, "passed": true}}}, "check_style_score": "1/1"}