{"version": "1", "message": "ERROR: Hidden Testcases server unreachable.", "problem_id": "ads2_m2_a1_1", "user_id": "saigowtham96", "score": {"sample": {"0": {"execution_time": 0.31946873664855957, "passed": true}, "1": {"execution_time": 0.21906256675720215, "passed": true}, "2": {"execution_time": 0.3433647155761719, "passed": true}, "3": {"execution_time": 0.3413734436035156, "passed": true}, "4": {"execution_time": 0.22617840766906738, "passed": true}, "5": {"execution_time": 0.16711974143981934, "passed": true}, "6": {"execution_time": 0.2916908264160156, "passed": true}, "7": {"execution_time": 0.34157538414001465, "passed": true}, "8": {"execution_time": 0.32812070846557617, "passed": true}, "9": {"execution_time": 0.2906928062438965, "passed": true}, "10": {"execution_time": 0.2905755043029785, "passed": true}, "11": {"execution_time": 0.2906339168548584, "passed": true}, "12": {"execution_time": 0.3392155170440674, "passed": true}, "13": {"execution_time": 0.2915959358215332, "passed": true}, "14": {"execution_time": 0.3346691131591797, "passed": true}, "15": {"execution_time": 0.32282543182373047, "passed": true}, "16": {"execution_time": 0.4082069396972656, "passed": true}, "17": {"execution_time": 0.4275519847869873, "passed": true}, "18": {"execution_time": 0.4184303283691406, "passed": true}, "19": {"execution_time": 0.3709983825683594, "passed": true}, "20": {"execution_time": 0.5010335445404053, "passed": true}, "21": {"execution_time": 0.3527405261993408, "passed": true}, "22": {"execution_time": 0.46527576446533203, "passed": true}, "23": {"execution_time": 0.4216804504394531, "passed": true}}}, "check_style_score": "1/1"}