{"version": "1", "message": "ERROR: Hidden Testcases server unreachable.", "problem_id": "ads2_m2_a1_1", "user_id": "saigowtham96", "score": {"sample": {"0": {"execution_time": 0.26420116424560547, "passed": true}, "1": {"execution_time": 0.35249853134155273, "passed": true}, "2": {"execution_time": 0.3429586887359619, "passed": true}, "3": {"execution_time": 0.2210686206817627, "passed": true}, "4": {"execution_time": 0.16027235984802246, "passed": true}, "5": {"execution_time": 0.14005708694458008, "passed": true}, "6": {"execution_time": 0.3301353454589844, "passed": true}, "7": {"execution_time": 0.2947578430175781, "passed": true}, "8": {"execution_time": 0.23351716995239258, "passed": true}, "9": {"execution_time": 0.3313572406768799, "passed": true}, "10": {"execution_time": 0.32224178314208984, "passed": true}, "11": {"execution_time": 0.15795063972473145, "passed": true}, "12": {"execution_time": 0.2628474235534668, "passed": true}, "13": {"execution_time": 0.3110949993133545, "passed": true}, "14": {"execution_time": 0.26618385314941406, "passed": true}, "15": {"execution_time": 0.18256545066833496, "passed": true}, "16": {"execution_time": 0.3300504684448242, "passed": true}, "17": {"execution_time": 0.425504207611084, "passed": true}, "18": {"execution_time": 0.4221956729888916, "passed": true}, "19": {"execution_time": 0.38752198219299316, "passed": true}, "20": {"execution_time": 0.4096066951751709, "passed": true}, "21": {"execution_time": 0.3598949909210205, "passed": true}, "22": {"execution_time": 0.43404269218444824, "passed": true}, "23": {"execution_time": 0.4507889747619629, "passed": true}}}, "check_style_score": "1/1"}