{"version": "1", "message": "ERROR: Hidden Testcases server unreachable.", "problem_id": "ads2_m2_a1_1", "user_id": "saigowtham96", "score": {"sample": {"0": {"execution_time": 0.38950157165527344, "passed": true}, "1": {"execution_time": 0.23088383674621582, "passed": true}, "2": {"execution_time": 0.26196861267089844, "passed": true}, "3": {"execution_time": 0.30760908126831055, "passed": true}, "4": {"execution_time": 0.34128713607788086, "passed": true}, "5": {"execution_time": 0.2912130355834961, "passed": true}, "6": {"execution_time": 0.1770331859588623, "passed": true}, "7": {"execution_time": 0.2964458465576172, "passed": true}, "8": {"execution_time": 0.34723830223083496, "passed": true}, "9": {"execution_time": 0.30072474479675293, "passed": true}, "10": {"execution_time": 0.3003699779510498, "passed": true}, "11": {"execution_time": 0.32218432426452637, "passed": true}, "12": {"execution_time": 0.3486618995666504, "passed": true}, "13": {"execution_time": 0.3180098533630371, "passed": true}, "14": {"execution_time": 0.34107160568237305, "passed": true}, "15": {"execution_time": 0.372511625289917, "passed": true}, "16": {"execution_time": 0.27520275115966797, "passed": true}, "17": {"execution_time": 0.3800232410430908, "passed": true}, "18": {"execution_time": 0.39051198959350586, "passed": true}, "19": {"execution_time": 0.4188218116760254, "passed": true}, "20": {"execution_time": 0.3847043514251709, "passed": true}, "21": {"execution_time": 0.3637270927429199, "passed": true}, "22": {"execution_time": 0.4517693519592285, "passed": true}, "23": {"execution_time": 0.43180179595947266, "passed": true}}}, "check_style_score": "1/1"}