{"version": "1", "message": "ERROR: Hidden Testcases server unreachable.", "problem_id": "ads2_m2_a1_1", "user_id": "saigowtham96", "score": {"sample": {"0": {"execution_time": 0.19785594940185547, "passed": true}, "1": {"execution_time": 0.2920863628387451, "passed": true}, "2": {"execution_time": 0.29536986351013184, "passed": true}, "3": {"execution_time": 0.19062519073486328, "passed": true}, "4": {"execution_time": 0.1708989143371582, "passed": false}, "5": {"execution_time": 0.15969610214233398, "passed": false}, "6": {"execution_time": 0.2939596176147461, "passed": false}, "7": {"execution_time": 0.2936079502105713, "passed": false}, "8": {"execution_time": 0.24977922439575195, "passed": false}, "9": {"execution_time": 0.2340385913848877, "passed": false}, "10": {"execution_time": 0.33620238304138184, "passed": false}, "11": {"execution_time": 0.35017824172973633, "passed": false}, "12": {"execution_time": 0.24103951454162598, "passed": false}, "13": {"execution_time": 0.17819547653198242, "passed": true}, "14": {"execution_time": 0.3249526023864746, "passed": false}, "15": {"execution_time": 0.3674771785736084, "passed": false}, "16": {"execution_time": 0.34215497970581055, "passed": false}, "17": {"execution_time": 0.2899336814880371, "passed": false}, "18": {"execution_time": 0.27212047576904297, "passed": true}, "19": {"execution_time": 0.38042306900024414, "passed": false}, "20": {"execution_time": 0.3881051540374756, "passed": false}, "21": {"execution_time": 0.3418691158294678, "passed": false}, "22": {"execution_time": 0.4215579032897949, "passed": false}, "23": {"execution_time": 0.22069239616394043, "passed": false}}}, "check_style_score": "1/1"}