{"version": "1", "message": "ERROR: Hidden Testcases server unreachable.", "problem_id": "ads2_m2_a1_1", "user_id": "saigowtham96", "score": {"sample": {"0": {"execution_time": 0.3178088665008545, "passed": true}, "1": {"execution_time": 0.2975478172302246, "passed": true}, "2": {"execution_time": 0.16481447219848633, "passed": true}, "3": {"execution_time": 0.3179786205291748, "passed": true}, "4": {"execution_time": 0.29918599128723145, "passed": true}, "5": {"execution_time": 0.1998765468597412, "passed": true}, "6": {"execution_time": 0.15639090538024902, "passed": true}, "7": {"execution_time": 0.18065261840820312, "passed": true}, "8": {"execution_time": 0.2966337203979492, "passed": true}, "9": {"execution_time": 0.30362725257873535, "passed": true}, "10": {"execution_time": 0.21982550621032715, "passed": true}, "11": {"execution_time": 0.321453332901001, "passed": true}, "12": {"execution_time": 0.2972421646118164, "passed": true}, "13": {"execution_time": 0.24211597442626953, "passed": true}, "14": {"execution_time": 0.3119535446166992, "passed": true}, "15": {"execution_time": 0.36478233337402344, "passed": true}, "16": {"execution_time": 0.1762857437133789, "passed": true}, "17": {"execution_time": 0.34418678283691406, "passed": true}, "18": {"execution_time": 0.40580201148986816, "passed": true}, "19": {"execution_time": 0.3804175853729248, "passed": true}, "20": {"execution_time": 0.369246244430542, "passed": true}, "21": {"execution_time": 0.3415186405181885, "passed": true}, "22": {"execution_time": 0.4505586624145508, "passed": true}, "23": {"execution_time": 0.22750306129455566, "passed": true}}}, "check_style_score": "1/1"}