{"version": "1", "message": "ERROR: Hidden Testcases server unreachable.", "problem_id": "ads2_m2_a1_1", "user_id": "Madhu-92", "score": {"sample": {"0": {"execution_time": 0.43188905715942383, "passed": true}, "1": {"execution_time": 0.30704379081726074, "passed": true}, "2": {"execution_time": 0.3351731300354004, "passed": true}, "3": {"execution_time": 0.3150203227996826, "passed": true}, "4": {"execution_time": 0.33228230476379395, "passed": true}, "5": {"execution_time": 0.31609201431274414, "passed": true}, "6": {"execution_time": 0.3445923328399658, "passed": true}, "7": {"execution_time": 0.3288004398345947, "passed": true}, "8": {"execution_time": 0.3340415954589844, "passed": true}, "9": {"execution_time": 0.32972002029418945, "passed": true}, "10": {"execution_time": 0.3364899158477783, "passed": true}, "11": {"execution_time": 0.32838916778564453, "passed": true}, "12": {"execution_time": 0.30760693550109863, "passed": true}, "13": {"execution_time": 0.3327598571777344, "passed": true}, "14": {"execution_time": 0.325939416885376, "passed": true}, "15": {"execution_time": 0.34645891189575195, "passed": true}, "16": {"execution_time": 0.3521296977996826, "passed": true}, "17": {"execution_time": 0.37737512588500977, "passed": true}, "18": {"execution_time": 0.4046037197113037, "passed": true}, "19": {"execution_time": 0.3358347415924072, "passed": true}, "20": {"execution_time": 0.41159939765930176, "passed": true}, "21": {"execution_time": 0.33614540100097656, "passed": true}, "22": {"execution_time": 0.4820113182067871, "passed": true}, "23": {"execution_time": 0.4190707206726074, "passed": true}}}, "check_style_score": "1/1"}