{"version": "1", "message": "ERROR: Hidden Testcases server unreachable.", "problem_id": "ads2_m2_a1_1", "user_id": "saigowtham96", "score": {"sample": {"0": {"execution_time": 0.1780688762664795, "passed": true}, "1": {"execution_time": 0.17941641807556152, "passed": true}, "2": {"execution_time": 0.1484849452972412, "passed": true}, "3": {"execution_time": 0.17209482192993164, "passed": true}, "4": {"execution_time": 0.16064834594726562, "passed": true}, "5": {"execution_time": 0.15044522285461426, "passed": true}, "6": {"execution_time": 0.15008878707885742, "passed": true}, "7": {"execution_time": 0.15094614028930664, "passed": true}, "8": {"execution_time": 0.1838829517364502, "passed": true}, "9": {"execution_time": 0.1480088233947754, "passed": true}, "10": {"execution_time": 0.15292668342590332, "passed": true}, "11": {"execution_time": 0.14375996589660645, "passed": true}, "12": {"execution_time": 0.1653432846069336, "passed": true}, "13": {"execution_time": 0.14870977401733398, "passed": true}, "14": {"execution_time": 0.1644456386566162, "passed": true}, "15": {"execution_time": 0.15292882919311523, "passed": true}, "16": {"execution_time": 0.21581077575683594, "passed": true}, "17": {"execution_time": 0.1878044605255127, "passed": true}, "18": {"execution_time": 0.22649860382080078, "passed": true}, "19": {"execution_time": 0.192460298538208, "passed": true}, "20": {"execution_time": 0.19629669189453125, "passed": true}, "21": {"execution_time": 0.15682053565979004, "passed": true}, "22": {"execution_time": 0.2270815372467041, "passed": true}, "23": {"execution_time": 0.20519018173217773, "passed": true}}}, "check_style_score": "1/1"}