{"version": "1", "message": "ERROR: Hidden Testcases server unreachable.", "problem_id": "ads2_m2_a1_1", "user_id": "saigowtham96", "score": {"sample": {"0": {"execution_time": 0.16388654708862305, "passed": true}, "1": {"execution_time": 0.16738414764404297, "passed": true}, "2": {"execution_time": 0.13999342918395996, "passed": true}, "3": {"execution_time": 0.17352986335754395, "passed": true}, "4": {"execution_time": 0.16450905799865723, "passed": true}, "5": {"execution_time": 0.14588427543640137, "passed": true}, "6": {"execution_time": 0.16661381721496582, "passed": true}, "7": {"execution_time": 0.15876007080078125, "passed": true}, "8": {"execution_time": 0.17072582244873047, "passed": true}, "9": {"execution_time": 0.14757275581359863, "passed": true}, "10": {"execution_time": 0.1770021915435791, "passed": true}, "11": {"execution_time": 0.15188169479370117, "passed": true}, "12": {"execution_time": 0.17753887176513672, "passed": true}, "13": {"execution_time": 0.16640067100524902, "passed": true}, "14": {"execution_time": 0.20342659950256348, "passed": true}, "15": {"execution_time": 0.15231657028198242, "passed": true}, "16": {"execution_time": 0.18627572059631348, "passed": true}, "17": {"execution_time": 0.229522705078125, "passed": true}, "18": {"execution_time": 0.23946475982666016, "passed": true}, "19": {"execution_time": 0.19785857200622559, "passed": true}, "20": {"execution_time": 0.18487811088562012, "passed": true}, "21": {"execution_time": 0.158125638961792, "passed": true}, "22": {"execution_time": 0.2447662353515625, "passed": true}, "23": {"execution_time": 0.21519923210144043, "passed": true}}}, "check_style_score": "1/1"}