{"version": "1", "message": "ERROR: Hidden Testcases server unreachable.", "problem_id": "ads2_m2_a1_1", "user_id": "saigowtham96", "score": {"sample": {"0": {"execution_time": 0.18124127388000488, "passed": true}, "1": {"execution_time": 0.2562429904937744, "passed": true}, "2": {"execution_time": 0.30728626251220703, "passed": true}, "3": {"execution_time": 0.31628894805908203, "passed": true}, "4": {"execution_time": 0.42109155654907227, "passed": true}, "5": {"execution_time": 0.3253967761993408, "passed": true}, "6": {"execution_time": 0.3274555206298828, "passed": true}, "7": {"execution_time": 0.3207690715789795, "passed": true}, "8": {"execution_time": 0.3002305030822754, "passed": true}, "9": {"execution_time": 0.29228782653808594, "passed": true}, "10": {"execution_time": 0.28678369522094727, "passed": true}, "11": {"execution_time": 0.32114624977111816, "passed": true}, "12": {"execution_time": 0.3372762203216553, "passed": true}, "13": {"execution_time": 0.32845401763916016, "passed": true}, "14": {"execution_time": 0.34058356285095215, "passed": true}, "15": {"execution_time": 0.3365590572357178, "passed": true}, "16": {"execution_time": 0.35289883613586426, "passed": true}, "17": {"execution_time": 0.38709020614624023, "passed": true}, "18": {"execution_time": 0.38883543014526367, "passed": true}, "19": {"execution_time": 0.3537633419036865, "passed": true}, "20": {"execution_time": 0.3803575038909912, "passed": true}, "21": {"execution_time": 0.2914423942565918, "passed": true}, "22": {"execution_time": 0.4055511951446533, "passed": true}, "23": {"execution_time": 0.4615969657897949, "passed": true}}}, "check_style_score": "1/1"}