{"version": "1", "message": "ERROR: Hidden Testcases server unreachable.", "problem_id": "ads2_m2_a1_1", "user_id": "saigowtham96", "score": {"sample": {"0": {"execution_time": 0.18063616752624512, "passed": true}, "1": {"execution_time": 0.18989157676696777, "passed": true}, "2": {"execution_time": 0.15558433532714844, "passed": true}, "3": {"execution_time": 0.1536107063293457, "passed": true}, "4": {"execution_time": 0.14941740036010742, "passed": true}, "5": {"execution_time": 0.1488039493560791, "passed": true}, "6": {"execution_time": 0.16416358947753906, "passed": true}, "7": {"execution_time": 0.13759398460388184, "passed": true}, "8": {"execution_time": 0.16719508171081543, "passed": true}, "9": {"execution_time": 0.1642916202545166, "passed": true}, "10": {"execution_time": 0.16425704956054688, "passed": true}, "11": {"execution_time": 0.1499326229095459, "passed": true}, "12": {"execution_time": 0.1567075252532959, "passed": true}, "13": {"execution_time": 0.1494767665863037, "passed": true}, "14": {"execution_time": 0.14951872825622559, "passed": true}, "15": {"execution_time": 0.2112572193145752, "passed": true}, "16": {"execution_time": 0.21701359748840332, "passed": true}, "17": {"execution_time": 0.18967437744140625, "passed": true}, "18": {"execution_time": 0.20008611679077148, "passed": true}, "19": {"execution_time": 0.2135639190673828, "passed": true}, "20": {"execution_time": 0.34573864936828613, "passed": true}, "21": {"execution_time": 0.16174793243408203, "passed": true}, "22": {"execution_time": 0.2503316402435303, "passed": true}, "23": {"execution_time": 0.23836302757263184, "passed": true}}}, "check_style_score": "1/1"}