{"version": "1", "message": "ERROR: Hidden Testcases server unreachable.", "problem_id": "ads2_m4_a1_1", "user_id": "saigowtham96", "score": {"sample": {"0": {"execution_time": 0.4226841926574707, "passed": true}, "1": {"execution_time": 0.48610639572143555, "passed": true}, "2": {"execution_time": 0.6890678405761719, "passed": true}, "3": {"execution_time": 0.5221867561340332, "passed": true}, "4": {"execution_time": 0.3755786418914795, "passed": true}, "5": {"execution_time": 0.49441051483154297, "passed": true}, "6": {"execution_time": 0.3903841972351074, "passed": true}, "7": {"execution_time": 0.3955965042114258, "passed": true}, "8": {"execution_time": 0.4251081943511963, "passed": true}, "9": {"execution_time": 0.456057071685791, "passed": true}, "10": {"execution_time": 0.37729334831237793, "passed": true}, "11": {"execution_time": 0.3766798973083496, "passed": true}, "12": {"execution_time": 0.39857053756713867, "passed": true}, "13": {"execution_time": 1.8348419666290283, "passed": true}, "14": {"execution_time": 0.48734307289123535, "passed": true}}}, "check_style_score": "0/1"}