{"version": "1", "message": "ERROR: Hidden Testcases server unreachable.", "problem_id": "ads2_m4_a1_1", "user_id": "saigowtham96", "score": {"sample": {"0": {"execution_time": 0.18495631217956543, "passed": false}, "1": {"execution_time": 0.4527900218963623, "passed": false}, "2": {"execution_time": 0.2816309928894043, "passed": false}, "3": {"execution_time": 0.257030725479126, "passed": false}, "4": {"execution_time": 0.19649600982666016, "passed": false}, "5": {"execution_time": 0.14174866676330566, "passed": false}, "6": {"execution_time": 0.2810509204864502, "passed": false}, "7": {"execution_time": 0.28148794174194336, "passed": false}, "8": {"execution_time": 0.15639781951904297, "passed": false}, "9": {"execution_time": 0.25420522689819336, "passed": false}, "10": {"execution_time": 0.33199048042297363, "passed": false}, "11": {"execution_time": 0.2799086570739746, "passed": false}, "12": {"execution_time": 0.15015864372253418, "passed": false}, "13": {"execution_time": 0.33585453033447266, "passed": false}, "14": {"execution_time": 0.30280065536499023, "passed": false}}}, "check_style_score": "0/1"}