{"version": "1", "message": "ERROR: Hidden Testcases server unreachable.", "problem_id": "ads2_m4_a1_1", "user_id": "saigowtham96", "score": {"sample": {"0": {"execution_time": 0.5224213600158691, "passed": false}, "1": {"execution_time": 0.5202131271362305, "passed": false}, "2": {"execution_time": 0.5311954021453857, "passed": false}, "3": {"execution_time": 0.6824731826782227, "passed": false}, "4": {"execution_time": 0.45592808723449707, "passed": false}, "5": {"execution_time": 0.37305378913879395, "passed": false}, "6": {"execution_time": 0.3478531837463379, "passed": false}, "7": {"execution_time": 0.3800373077392578, "passed": false}, "8": {"execution_time": 0.36223769187927246, "passed": false}, "9": {"execution_time": 0.3457002639770508, "passed": false}, "10": {"execution_time": 0.3640894889831543, "passed": false}, "11": {"execution_time": 0.3691258430480957, "passed": false}, "12": {"execution_time": 0.43735647201538086, "passed": false}, "13": {"execution_time": 1.5448493957519531, "passed": false}, "14": {"execution_time": 0.34668469429016113, "passed": false}}}, "check_style_score": "0/1"}