{"version": "1", "message": "ERROR: Hidden Testcases server unreachable.", "problem_id": "ads2_m4_a1_1", "user_id": "saigowtham96", "score": {"sample": {"0": {"execution_time": 0.4658198356628418, "passed": true}, "1": {"execution_time": 0.38776087760925293, "passed": true}, "2": {"execution_time": 0.4911179542541504, "passed": true}, "3": {"execution_time": 0.4583432674407959, "passed": true}, "4": {"execution_time": 0.40248966217041016, "passed": true}, "5": {"execution_time": 0.4046950340270996, "passed": true}, "6": {"execution_time": 0.40525174140930176, "passed": true}, "7": {"execution_time": 0.5405433177947998, "passed": true}, "8": {"execution_time": 0.44048070907592773, "passed": true}, "9": {"execution_time": 0.44490861892700195, "passed": true}, "10": {"execution_time": 0.42620229721069336, "passed": true}, "11": {"execution_time": 0.3845481872558594, "passed": true}, "12": {"execution_time": 0.37769222259521484, "passed": true}, "13": {"execution_time": 1.7727594375610352, "passed": true}, "14": {"execution_time": 0.4510962963104248, "passed": true}}}, "check_style_score": "0/1"}