{"version": "1", "message": "ERROR: Hidden Testcases server unreachable.", "problem_id": "ads2_m4_a1_1", "user_id": "saigowtham96", "score": {"sample": {"0": {"execution_time": 0.44713711738586426, "passed": true}, "1": {"execution_time": 0.42601561546325684, "passed": true}, "2": {"execution_time": 0.5118489265441895, "passed": true}, "3": {"execution_time": 0.514610767364502, "passed": true}, "4": {"execution_time": 0.3975851535797119, "passed": true}, "5": {"execution_time": 0.41668033599853516, "passed": true}, "6": {"execution_time": 0.5033175945281982, "passed": true}, "7": {"execution_time": 0.4007081985473633, "passed": true}, "8": {"execution_time": 0.4660053253173828, "passed": true}, "9": {"execution_time": 0.39043521881103516, "passed": true}, "10": {"execution_time": 0.3897888660430908, "passed": true}, "11": {"execution_time": 0.40970802307128906, "passed": true}, "12": {"execution_time": 0.41753578186035156, "passed": true}, "13": {"execution_time": 1.607302188873291, "passed": true}, "14": {"execution_time": 0.4222862720489502, "passed": true}}}, "check_style_score": "0/1"}