{"version": "1", "message": "ERROR: Hidden Testcases server unreachable.", "problem_id": "ads2_m4_a1_1", "user_id": "saigowtham96", "score": {"sample": {"0": {"execution_time": 0.22278690338134766, "passed": true}, "1": {"execution_time": 0.14185237884521484, "passed": false}, "2": {"execution_time": 0.13918471336364746, "passed": false}, "3": {"execution_time": 0.14202094078063965, "passed": false}, "4": {"execution_time": 0.1538236141204834, "passed": false}, "5": {"execution_time": 0.14007282257080078, "passed": false}, "6": {"execution_time": 0.14807558059692383, "passed": false}, "7": {"execution_time": 0.14775848388671875, "passed": false}, "8": {"execution_time": 0.1940610408782959, "passed": true}, "9": {"execution_time": 0.1573338508605957, "passed": true}, "10": {"execution_time": 0.18022966384887695, "passed": true}, "11": {"execution_time": 0.15778183937072754, "passed": false}, "12": {"execution_time": 0.14016342163085938, "passed": false}, "13": {"execution_time": 0.14086532592773438, "passed": false}, "14": {"execution_time": 0.1651301383972168, "passed": true}}}, "check_style_score": "0/1"}