{"version": "1", "message": "ERROR: Hidden Testcases server unreachable.", "problem_id": "ads2_m4_a1_1", "user_id": "saigowtham96", "score": {"sample": {"0": {"execution_time": 0.4781060218811035, "passed": true}, "1": {"execution_time": 0.5069925785064697, "passed": true}, "2": {"execution_time": 0.46750521659851074, "passed": true}, "3": {"execution_time": 0.5400493144989014, "passed": true}, "4": {"execution_time": 0.3845400810241699, "passed": true}, "5": {"execution_time": 0.3913004398345947, "passed": true}, "6": {"execution_time": 0.392747163772583, "passed": true}, "7": {"execution_time": 0.37293434143066406, "passed": true}, "8": {"execution_time": 0.4211699962615967, "passed": true}, "9": {"execution_time": 0.3572382926940918, "passed": true}, "10": {"execution_time": 0.36556434631347656, "passed": true}, "11": {"execution_time": 0.3821897506713867, "passed": true}, "12": {"execution_time": 0.3440535068511963, "passed": true}, "13": {"execution_time": 1.728743314743042, "passed": true}, "14": {"execution_time": 0.3964097499847412, "passed": true}}}, "check_style_score": "0/1"}