{"version": "1", "message": "ERROR: Hidden Testcases server unreachable.", "problem_id": "ads2_m4_a1_1", "user_id": "saigowtham96", "score": {"sample": {"0": {"execution_time": 0.4410879611968994, "passed": true}, "1": {"execution_time": 0.4237639904022217, "passed": true}, "2": {"execution_time": 0.5191891193389893, "passed": true}, "3": {"execution_time": 0.48941731452941895, "passed": true}, "4": {"execution_time": 0.4350712299346924, "passed": true}, "5": {"execution_time": 0.4188272953033447, "passed": true}, "6": {"execution_time": 0.4219834804534912, "passed": true}, "7": {"execution_time": 0.4171445369720459, "passed": true}, "8": {"execution_time": 0.41817474365234375, "passed": true}, "9": {"execution_time": 0.3938429355621338, "passed": true}, "10": {"execution_time": 0.4087352752685547, "passed": true}, "11": {"execution_time": 0.45071983337402344, "passed": true}, "12": {"execution_time": 0.4048929214477539, "passed": true}, "13": {"execution_time": 1.6425144672393799, "passed": true}, "14": {"execution_time": 0.37021517753601074, "passed": true}}}, "check_style_score": "0/1"}