{"version": "1", "message": "ERROR: Hidden Testcases server unreachable.", "problem_id": "ads2_m4_a1_1", "user_id": "saigowtham96", "score": {"sample": {"0": {"execution_time": 0.34682464599609375, "passed": false}, "1": {"execution_time": 0.3392829895019531, "passed": false}, "2": {"execution_time": 0.4221177101135254, "passed": false}, "3": {"execution_time": 0.42177820205688477, "passed": false}, "4": {"execution_time": 0.3197920322418213, "passed": false}, "5": {"execution_time": 0.3202831745147705, "passed": false}, "6": {"execution_time": 0.32131123542785645, "passed": false}, "7": {"execution_time": 0.3193333148956299, "passed": false}, "8": {"execution_time": 0.3214414119720459, "passed": false}, "9": {"execution_time": 0.3778519630432129, "passed": false}, "10": {"execution_time": 0.3341481685638428, "passed": false}, "11": {"execution_time": 0.36420416831970215, "passed": false}, "12": {"execution_time": 0.330946683883667, "passed": false}, "13": {"execution_time": 1.5602655410766602, "passed": false}, "14": {"execution_time": 0.3205251693725586, "passed": false}}}, "check_style_score": "0/1"}