{"version": "1", "message": "ERROR: Hidden Testcases server unreachable.", "problem_id": "ads2_m4_a1_1", "user_id": "saigowtham96", "score": {"sample": {"0": {"execution_time": 0.4895648956298828, "passed": true}, "1": {"execution_time": 0.3141944408416748, "passed": false}, "2": {"execution_time": 0.4178805351257324, "passed": false}, "3": {"execution_time": 0.346071720123291, "passed": false}, "4": {"execution_time": 0.3196563720703125, "passed": false}, "5": {"execution_time": 0.368178129196167, "passed": false}, "6": {"execution_time": 0.36900854110717773, "passed": false}, "7": {"execution_time": 0.36303186416625977, "passed": false}, "8": {"execution_time": 0.44479966163635254, "passed": true}, "9": {"execution_time": 0.3421170711517334, "passed": true}, "10": {"execution_time": 0.3520793914794922, "passed": true}, "11": {"execution_time": 0.2785766124725342, "passed": false}, "12": {"execution_time": 0.28534555435180664, "passed": false}, "13": {"execution_time": 0.3186068534851074, "passed": false}, "14": {"execution_time": 0.32030820846557617, "passed": true}}}, "check_style_score": "0/1"}