{"version": "1", "message": "ERROR: Hidden Testcases server unreachable.", "problem_id": "ads2_m4_a1_1", "user_id": "saigowtham96", "score": {"sample": {"0": {"execution_time": 0.5489082336425781, "passed": true}, "1": {"execution_time": 0.4132730960845947, "passed": true}, "2": {"execution_time": 0.4929962158203125, "passed": true}, "3": {"execution_time": 0.528963565826416, "passed": true}, "4": {"execution_time": 0.4474632740020752, "passed": true}, "5": {"execution_time": 0.44596219062805176, "passed": true}, "6": {"execution_time": 0.47106218338012695, "passed": true}, "7": {"execution_time": 0.41762447357177734, "passed": true}, "8": {"execution_time": 0.4605281352996826, "passed": true}, "9": {"execution_time": 0.38251781463623047, "passed": true}, "10": {"execution_time": 0.40569043159484863, "passed": true}, "11": {"execution_time": 0.3787524700164795, "passed": true}, "12": {"execution_time": 0.3781852722167969, "passed": true}, "13": {"execution_time": 1.6889166831970215, "passed": true}, "14": {"execution_time": 0.3969759941101074, "passed": true}}}, "check_style_score": "0/1"}