{"version": "1", "message": "ERROR: Hidden Testcases server unreachable.", "problem_id": "ads2_m4_a1_1", "user_id": "saigowtham96", "score": {"sample": {"0": {"execution_time": 0.20215249061584473, "passed": true}, "1": {"execution_time": 0.14058613777160645, "passed": false}, "2": {"execution_time": 0.15637493133544922, "passed": false}, "3": {"execution_time": 0.14225554466247559, "passed": false}, "4": {"execution_time": 0.1416606903076172, "passed": false}, "5": {"execution_time": 0.14117956161499023, "passed": false}, "6": {"execution_time": 0.1479356288909912, "passed": false}, "7": {"execution_time": 0.14090967178344727, "passed": false}, "8": {"execution_time": 0.19854998588562012, "passed": true}, "9": {"execution_time": 0.15465140342712402, "passed": true}, "10": {"execution_time": 0.15915799140930176, "passed": true}, "11": {"execution_time": 0.1438007354736328, "passed": false}, "12": {"execution_time": 0.14296746253967285, "passed": false}, "13": {"execution_time": 0.15143346786499023, "passed": false}, "14": {"execution_time": 0.17324256896972656, "passed": true}}}, "check_style_score": "0/1"}