{"version": "1", "message": "ERROR: Hidden Testcases server unreachable.", "problem_id": "ads2_m16_a1_1", "user_id": "kranthi27", "score": {"sample": {"0": {"execution_time": 0.3455162048339844, "passed": true}, "1": {"execution_time": 0.3414938449859619, "passed": true}, "2": {"execution_time": 0.6015667915344238, "passed": true}, "3": {"execution_time": 0.588433027267456, "passed": true}, "4": {"execution_time": 0.6346266269683838, "passed": true}, "5": {"execution_time": 0.6301870346069336, "passed": true}, "6": {"execution_time": 0.7736790180206299, "passed": true}, "7": {"execution_time": 0.5889098644256592, "passed": true}, "8": {"execution_time": 0.33722543716430664, "passed": true}, "9": {"execution_time": 0.652456521987915, "passed": true}, "10": {"execution_time": 0.6062955856323242, "passed": true}, "11": {"execution_time": 3.596738338470459, "passed": true}, "12": {"execution_time": 0.6120009422302246, "passed": true}, "13": {"execution_time": 0.30800938606262207, "passed": true}, "14": {"execution_time": 0.6142852306365967, "passed": true}, "15": {"execution_time": 0.6223926544189453, "passed": true}, "16": {"execution_time": 0.3880925178527832, "passed": true}, "17": {"execution_time": 0.36577892303466797, "passed": true}, "18": {"execution_time": 0.38986992835998535, "passed": true}, "19": {"execution_time": 0.35372209548950195, "passed": true}, "20": {"execution_time": 0.41088342666625977, "passed": true}, "21": {"execution_time": 0.3872854709625244, "passed": true}, "22": {"execution_time": 0.36737656593322754, "passed": true}, "23": {"execution_time": 0.37996435165405273, "passed": true}, "24": {"execution_time": 0.34192943572998047, "passed": true}, "25": {"execution_time": 0.6756048202514648, "passed": true}, "26": {"execution_time": 0.6283690929412842, "passed": true}, "27": {"execution_time": 0.7469756603240967, "passed": true}, "28": {"execution_time": 0.916689395904541, "passed": true}, "29": {"execution_time": 0.3174917697906494, "passed": true}}}, "check_style_score": "0/1"}