{"version": "1", "message": "ERROR: Hidden Testcases server unreachable.", "problem_id": "ads2_m16_a1_1", "user_id": "saigowtham96", "score": {"sample": {"0": {"execution_time": 0.23343110084533691, "passed": false}, "1": {"execution_time": 0.24781465530395508, "passed": false}, "2": {"execution_time": 0.34954309463500977, "passed": false}, "3": {"execution_time": 0.35115909576416016, "passed": false}, "4": {"execution_time": 0.34631872177124023, "passed": false}, "5": {"execution_time": 0.36977291107177734, "passed": false}, "6": {"execution_time": 0.3863534927368164, "passed": false}, "7": {"execution_time": 0.33020639419555664, "passed": false}, "8": {"execution_time": 0.23989653587341309, "passed": false}, "9": {"execution_time": 0.35959959030151367, "passed": false}, "10": {"execution_time": 0.3295936584472656, "passed": false}, "11": {"execution_time": 0.2045423984527588, "passed": false}, "12": {"execution_time": 0.35750794410705566, "passed": false}, "13": {"execution_time": 0.1975395679473877, "passed": true}, "14": {"execution_time": 0.36125850677490234, "passed": false}, "15": {"execution_time": 0.35564255714416504, "passed": false}, "16": {"execution_time": 0.22855639457702637, "passed": false}, "17": {"execution_time": 0.24284887313842773, "passed": false}, "18": {"execution_time": 0.2130434513092041, "passed": false}, "19": {"execution_time": 0.22916769981384277, "passed": false}, "20": {"execution_time": 0.25666332244873047, "passed": false}, "21": {"execution_time": 0.25138282775878906, "passed": false}, "22": {"execution_time": 0.24000000953674316, "passed": false}, "23": {"execution_time": 0.2609102725982666, "passed": false}, "24": {"execution_time": 0.18263936042785645, "passed": true}, "25": {"execution_time": 0.35330939292907715, "passed": false}, "26": {"execution_time": 0.39606380462646484, "passed": false}, "27": {"execution_time": 0.348940372467041, "passed": false}, "28": {"execution_time": 0.4503509998321533, "passed": false}, "29": {"execution_time": 0.20559120178222656, "passed": false}}}, "check_style_score": "1/1"}