{"version": "1", "message": "ERROR: Hidden Testcases server unreachable.", "problem_id": "ads2_m16_a1_1", "user_id": "saigowtham96", "score": {"sample": {"0": {"execution_time": 1.4841384887695312, "passed": false}, "1": {"execution_time": 0.23053622245788574, "passed": false}, "2": {"execution_time": 0.5857324600219727, "passed": false}, "3": {"execution_time": 0.32871484756469727, "passed": false}, "4": {"execution_time": 0.353435754776001, "passed": false}, "5": {"execution_time": 0.32274436950683594, "passed": false}, "6": {"execution_time": 0.3800978660583496, "passed": false}, "7": {"execution_time": 0.3583977222442627, "passed": false}, "8": {"execution_time": 0.2082202434539795, "passed": false}, "9": {"execution_time": 0.35958266258239746, "passed": false}, "10": {"execution_time": 0.35540103912353516, "passed": false}, "11": {"execution_time": 0.19588470458984375, "passed": false}, "12": {"execution_time": 0.3539092540740967, "passed": false}, "13": {"execution_time": 0.19812893867492676, "passed": true}, "14": {"execution_time": 0.37166690826416016, "passed": false}, "15": {"execution_time": 0.36593103408813477, "passed": false}, "16": {"execution_time": 0.24470305442810059, "passed": false}, "17": {"execution_time": 0.37545228004455566, "passed": false}, "18": {"execution_time": 0.2288503646850586, "passed": false}, "19": {"execution_time": 0.2758779525756836, "passed": false}, "20": {"execution_time": 0.27074551582336426, "passed": false}, "21": {"execution_time": 0.2149348258972168, "passed": false}, "22": {"execution_time": 0.21326065063476562, "passed": false}, "23": {"execution_time": 0.27654528617858887, "passed": false}, "24": {"execution_time": 0.18241500854492188, "passed": true}, "25": {"execution_time": 0.3857104778289795, "passed": false}, "26": {"execution_time": 0.3457143306732178, "passed": false}, "27": {"execution_time": 0.34076404571533203, "passed": false}, "28": {"execution_time": 0.434128999710083, "passed": false}, "29": {"execution_time": 0.33078551292419434, "passed": false}}}, "check_style_score": "1/1"}