{"version": "1", "message": "ERROR: Hidden Testcases server unreachable.", "problem_id": "ads2_m16_a1_1", "user_id": "saigowtham96", "score": {"sample": {"0": {"execution_time": 0.2002267837524414, "passed": false}, "1": {"execution_time": 0.24764275550842285, "passed": false}, "2": {"execution_time": 0.3569192886352539, "passed": false}, "3": {"execution_time": 0.3378102779388428, "passed": false}, "4": {"execution_time": 0.3537788391113281, "passed": false}, "5": {"execution_time": 0.3325810432434082, "passed": false}, "6": {"execution_time": 0.3411850929260254, "passed": false}, "7": {"execution_time": 0.3788597583770752, "passed": false}, "8": {"execution_time": 0.2412431240081787, "passed": false}, "9": {"execution_time": 0.33702540397644043, "passed": false}, "10": {"execution_time": 0.3655250072479248, "passed": false}, "11": {"execution_time": 0.21678638458251953, "passed": false}, "12": {"execution_time": 0.4001801013946533, "passed": false}, "13": {"execution_time": 0.20778250694274902, "passed": true}, "14": {"execution_time": 0.3835475444793701, "passed": false}, "15": {"execution_time": 0.3406684398651123, "passed": false}, "16": {"execution_time": 0.23778223991394043, "passed": false}, "17": {"execution_time": 0.2612135410308838, "passed": false}, "18": {"execution_time": 0.275707483291626, "passed": false}, "19": {"execution_time": 0.24912095069885254, "passed": false}, "20": {"execution_time": 0.28171849250793457, "passed": false}, "21": {"execution_time": 0.25087451934814453, "passed": false}, "22": {"execution_time": 0.2626638412475586, "passed": false}, "23": {"execution_time": 0.22520089149475098, "passed": false}, "24": {"execution_time": 0.18008899688720703, "passed": true}, "25": {"execution_time": 0.34691667556762695, "passed": false}, "26": {"execution_time": 0.833820104598999, "passed": false}, "27": {"execution_time": 1.0565099716186523, "passed": false}, "28": {"execution_time": 3.356651782989502, "passed": false}, "29": {"execution_time": 0.20086193084716797, "passed": true}}}, "check_style_score": "0/1"}