{"version": "1", "message": "ERROR: Hidden Testcases server unreachable.", "problem_id": "ads2_m16_a1_1", "user_id": "saigowtham96", "score": {"sample": {"0": {"execution_time": 6.449482679367065, "passed": false}, "1": {"execution_time": 0.26903367042541504, "passed": false}, "2": {"execution_time": 1.1162810325622559, "passed": false}, "3": {"execution_time": 0.3933601379394531, "passed": false}, "4": {"execution_time": 0.39699864387512207, "passed": false}, "5": {"execution_time": 0.47565531730651855, "passed": false}, "6": {"execution_time": 0.33765339851379395, "passed": false}, "7": {"execution_time": 0.4153449535369873, "passed": false}, "8": {"execution_time": 0.36789846420288086, "passed": false}, "9": {"execution_time": 0.349963903427124, "passed": false}, "10": {"execution_time": 0.33764123916625977, "passed": false}, "11": {"execution_time": 0.3539235591888428, "passed": false}, "12": {"execution_time": 0.3733043670654297, "passed": false}, "13": {"execution_time": 0.23514676094055176, "passed": true}, "14": {"execution_time": 0.37209272384643555, "passed": false}, "15": {"execution_time": 0.3533341884613037, "passed": false}, "16": {"execution_time": 0.25940561294555664, "passed": false}, "17": {"execution_time": 0.32496023178100586, "passed": false}, "18": {"execution_time": 0.29164958000183105, "passed": false}, "19": {"execution_time": 0.4335486888885498, "passed": false}, "20": {"execution_time": 0.25330305099487305, "passed": false}, "21": {"execution_time": 0.2434537410736084, "passed": false}, "22": {"execution_time": 0.23303914070129395, "passed": false}, "23": {"execution_time": 0.24084711074829102, "passed": false}, "24": {"execution_time": 0.19610261917114258, "passed": true}, "25": {"execution_time": 0.35709571838378906, "passed": false}, "26": {"execution_time": 0.5695838928222656, "passed": false}, "27": {"execution_time": 0.7858901023864746, "passed": false}, "28": {"execution_time": 2.055821180343628, "passed": false}, "29": {"execution_time": 1.3523273468017578, "passed": false}}}, "check_style_score": "0/1"}