{"version": "1", "message": "ERROR: Hidden Testcases server unreachable.", "problem_id": "ads2_m6_a1_1", "user_id": "saigowtham96", "score": {"sample": {"0": {"execution_time": 0.5665578842163086, "passed": false}, "1": {"execution_time": 0.49352312088012695, "passed": false}, "2": {"execution_time": 0.4512193202972412, "passed": false}, "3": {"execution_time": 0.4261767864227295, "passed": false}, "4": {"execution_time": 0.40964198112487793, "passed": true}, "5": {"execution_time": 0.45087218284606934, "passed": false}, "6": {"execution_time": 0.3720359802246094, "passed": true}, "7": {"execution_time": 0.4428238868713379, "passed": false}, "8": {"execution_time": 0.4351222515106201, "passed": true}, "9": {"execution_time": 0.4567251205444336, "passed": true}, "10": {"execution_time": 0.35854148864746094, "passed": true}, "11": {"execution_time": 0.4671590328216553, "passed": false}}}, "check_style_score": "0/1"}