{"version": "1", "message": "ERROR: Hidden Testcases server unreachable.", "problem_id": "ads2_m6_a1_1", "user_id": "saigowtham96", "score": {"sample": {"0": {"execution_time": 0.8843197822570801, "passed": false}, "1": {"execution_time": 0.2823777198791504, "passed": false}, "2": {"execution_time": 0.4383397102355957, "passed": false}, "3": {"execution_time": 0.46476316452026367, "passed": false}, "4": {"execution_time": 0.965503454208374, "passed": true}, "5": {"execution_time": 0.646270751953125, "passed": false}, "6": {"execution_time": 0.4477989673614502, "passed": true}, "7": {"execution_time": 0.44081711769104004, "passed": false}, "8": {"execution_time": 0.45109105110168457, "passed": true}, "9": {"execution_time": 0.42954373359680176, "passed": true}, "10": {"execution_time": 0.39992690086364746, "passed": true}, "11": {"execution_time": 0.45824456214904785, "passed": false}}}, "check_style_score": "0/1"}